PAYROLL_ID,EMPLOYEE_ID,SALARY,NET_PAY,DEDUCTION_PERCENTAGE,PAY_FREQUENCY,LAST_PAY_DATE,TAX_DEDUCTION
1,786,103503.38,93917.63,26.38,Biweekly,2025-03-02,6913.37
2,805,38232.01,88706.25,29.1,Biweekly,2025-03-04,3603.22
3,749,63965.98,68992.72,9.34,Biweekly,2025-03-28,3744.32
4,353,44058.23,27621.7,10.42,Monthly,2025-03-26,9152.79
5,141,57299.26,44664.14,23.63,Monthly,2025-03-18,3880.28
6,190,107329.74,92233.79,12.82,Biweekly,2025-03-16,5307.97
7,855,61786.49,83603.79,21.77,Biweekly,2025-02-21,5001.58
8,154,100535.04,30177.24,20.2,Biweekly,2025-03-15,5132.3
9,434,68945.0,79228.02,13.78,Monthly,2025-03-26,9090.04
10,1,93045.2,80774.19,8.25,Monthly,2025-02-17,9788.75
11,400,37149.41,53469.81,9.23,Monthly,2025-03-29,4332.12
12,362,54902.27,67876.49,24.86,Biweekly,2025-03-05,8620.0
13,688,94594.79,60972.27,12.32,Biweekly,2025-03-18,2590.01
14,757,103203.06,88716.44,24.56,Biweekly,2025-03-27,9391.45
15,529,75086.06,37542.07,14.95,Biweekly,2025-03-01,9037.22
16,484,31208.69,20554.56,17.17,Monthly,2025-03-04,4553.9
17,668,61924.57,26678.95,17.14,Monthly,2025-02-05,9873.45
18,837,107293.61,28888.04,21.78,Monthly,2025-03-25,8984.62
19,236,46910.67,77394.71,24.63,Biweekly,2025-02-13,6400.43
20,143,62451.17,94946.02,9.46,Biweekly,2025-02-23,6268.48
21,526,119549.61,61139.61,5.59,Biweekly,2025-03-14,2821.06
22,835,75473.7,58153.38,21.93,Monthly,2025-02-25,2218.68
23,184,44014.0,55826.47,7.97,Biweekly,2025-02-07,8063.04
24,845,39126.06,42925.17,7.07,Monthly,2025-02-06,4311.49
25,117,100274.88,65722.58,20.43,Biweekly,2025-02-05,9466.28
26,437,60761.75,36367.07,21.42,Monthly,2025-03-17,9648.44
27,590,97601.73,39417.02,15.97,Monthly,2025-02-20,9157.15
28,580,106625.05,85888.83,12.2,Biweekly,2025-03-09,2626.65
29,594,77059.92,63231.62,6.43,Biweekly,2025-03-15,9878.24
30,270,119831.0,54156.57,12.4,Biweekly,2025-01-31,3681.75
31,927,55687.58,36620.28,15.97,Monthly,2025-02-20,8873.73
32,823,98710.37,63096.43,6.7,Monthly,2025-03-22,9644.95
33,35,66448.41,30841.2,24.63,Biweekly,2025-03-12,7027.39
34,517,76946.85,72057.51,12.08,Monthly,2025-02-13,4278.4
35,856,46004.46,24527.9,16.7,Monthly,2025-03-05,8648.04
36,961,98680.31,90145.86,7.58,Biweekly,2025-03-09,5767.23
37,978,39009.94,63556.57,29.45,Monthly,2025-03-15,3549.41
38,553,77759.18,71205.44,22.13,Biweekly,2025-03-12,4019.91
39,185,117021.86,46491.0,5.53,Monthly,2025-02-09,3560.88
40,422,38128.63,34411.54,17.22,Monthly,2025-02-09,8825.06
41,135,58447.9,87514.29,14.91,Biweekly,2025-02-14,7976.85
42,354,46256.43,36895.16,7.04,Biweekly,2025-03-06,4966.2
43,244,78009.41,70987.92,22.31,Biweekly,2025-03-24,3451.68
44,126,31784.9,53523.77,8.2,Biweekly,2025-02-27,5499.86
45,531,110771.4,71309.97,17.59,Monthly,2025-02-14,4388.51
46,689,51567.86,20057.39,23.82,Biweekly,2025-02-18,3619.44
47,876,96159.44,45839.11,23.5,Monthly,2025-02-19,9334.25
48,152,118082.86,59252.76,9.23,Monthly,2025-02-01,2954.58
49,734,102298.1,51026.41,20.87,Monthly,2025-01-31,7985.4
50,462,111907.78,91152.64,19.72,Monthly,2025-03-23,8170.17
51,178,93672.78,90758.77,21.85,Monthly,2025-02-03,7674.64
52,480,116180.02,68705.53,19.46,Monthly,2025-03-06,7041.6
53,606,111928.58,21506.98,21.89,Monthly,2025-03-09,7150.72
54,196,70377.66,21276.94,7.13,Monthly,2025-02-23,7131.4
55,108,89095.39,81273.77,25.99,Monthly,2025-02-02,9197.87
56,638,117035.81,58579.99,10.43,Biweekly,2025-03-20,4411.68
57,289,47455.88,88522.27,16.86,Biweekly,2025-02-13,8675.85
58,156,87194.34,86709.91,26.62,Monthly,2025-03-27,3257.8
59,302,44295.09,67448.87,12.29,Monthly,2025-02-15,2554.89
60,870,74138.86,67123.23,23.54,Biweekly,2025-02-23,5441.24
61,930,31044.31,62300.77,13.33,Monthly,2025-03-25,3312.23
62,413,72688.31,28598.22,20.14,Biweekly,2025-02-12,4318.75
63,748,65387.45,95563.14,20.59,Monthly,2025-03-20,7276.04
64,257,84884.3,36345.61,7.04,Monthly,2025-03-16,9900.39
65,779,33998.4,82797.04,20.56,Monthly,2025-02-20,6021.95
66,647,69451.49,48299.51,11.71,Biweekly,2025-02-15,9198.81
67,471,42278.84,38529.66,27.11,Monthly,2025-02-09,5358.74
68,383,55654.61,44017.47,27.48,Monthly,2025-02-02,5185.58
69,461,99174.44,36389.78,22.62,Monthly,2025-03-16,9084.15
70,196,34584.38,82284.2,25.8,Biweekly,2025-03-21,4467.04
71,635,76469.29,97091.7,10.48,Monthly,2025-03-21,5533.97
72,696,75746.77,24967.89,10.05,Biweekly,2025-02-18,2293.17
73,263,87355.33,85620.6,20.18,Monthly,2025-02-07,9558.99
74,236,85138.82,43717.94,5.54,Biweekly,2025-02-15,4990.07
75,78,101198.89,20984.52,24.47,Monthly,2025-03-13,6309.45
76,90,70138.78,56193.53,15.75,Biweekly,2025-02-21,6749.36
77,299,72955.04,56974.94,17.77,Monthly,2025-03-12,6322.41
78,512,43088.0,61155.94,18.92,Biweekly,2025-03-05,5303.23
79,62,107078.68,37920.81,21.56,Monthly,2025-02-27,3373.08
80,736,47031.05,95515.46,8.4,Monthly,2025-03-23,7237.35
81,567,80392.88,65160.71,10.31,Monthly,2025-03-04,9590.03
82,250,37664.25,99311.67,12.98,Monthly,2025-02-13,6359.88
83,839,88186.19,92488.28,26.1,Monthly,2025-02-16,2034.85
84,544,74643.66,97154.51,12.28,Biweekly,2025-01-30,4573.41
85,560,47751.18,66217.45,29.64,Monthly,2025-03-16,3706.41
86,975,108688.21,65058.12,13.76,Monthly,2025-02-11,4425.69
87,550,41968.46,29255.92,8.03,Monthly,2025-01-30,5976.67
88,564,37385.89,76190.19,8.29,Biweekly,2025-02-05,9764.52
89,467,88032.51,87982.24,27.11,Monthly,2025-03-30,7390.43
90,719,49423.86,65725.33,16.02,Monthly,2025-03-14,5159.84
91,403,111659.76,47217.77,15.19,Monthly,2025-02-01,8896.05
92,995,39657.79,57207.31,26.96,Biweekly,2025-03-24,8574.09
93,143,103688.09,94149.22,16.94,Monthly,2025-02-27,3170.42
94,42,98118.92,91441.63,23.93,Biweekly,2025-02-12,5469.05
95,884,61024.92,31773.49,14.9,Monthly,2025-03-23,3346.8
96,222,63888.95,94130.48,27.01,Biweekly,2025-03-16,2181.69
97,606,87528.44,49679.06,29.15,Biweekly,2025-02-23,4153.44
98,801,57568.45,63658.34,27.97,Monthly,2025-02-05,6671.92
99,713,119746.62,61523.34,7.76,Biweekly,2025-03-13,7755.13
100,317,96056.72,72960.83,19.93,Monthly,2025-02-14,6955.18
101,311,108286.59,59616.87,14.61,Monthly,2025-03-18,7495.54
102,739,93672.53,55167.13,15.47,Monthly,2025-03-30,3420.45
103,804,75903.49,89961.88,6.32,Biweekly,2025-03-12,2559.92
104,134,30481.06,27339.24,29.05,Biweekly,2025-02-19,9910.35
105,782,35994.58,46353.72,22.34,Monthly,2025-03-09,2724.23
106,522,77767.33,49326.9,29.34,Biweekly,2025-03-02,2681.03
107,165,40882.67,51494.08,6.65,Biweekly,2025-02-05,2795.75
108,995,50300.98,46050.09,28.47,Monthly,2025-02-14,8736.82
109,856,89916.08,55043.53,17.27,Biweekly,2025-03-02,9320.11
110,258,79808.04,70023.82,19.29,Monthly,2025-03-05,3027.87
111,342,51602.33,53752.77,17.86,Biweekly,2025-03-03,7696.73
112,934,79234.58,51956.94,18.85,Biweekly,2025-02-07,4046.07
113,21,62997.17,94161.57,27.31,Biweekly,2025-01-31,3097.95
114,713,101877.39,88886.27,19.54,Biweekly,2025-01-31,8704.43
115,228,33483.37,51748.34,29.12,Monthly,2025-03-06,4699.68
116,617,80616.84,83457.62,26.4,Monthly,2025-02-06,9555.61
117,87,41532.86,41122.42,21.94,Biweekly,2025-02-02,7559.86
118,407,72418.26,61206.68,18.42,Biweekly,2025-03-20,3960.91
119,827,52994.58,46131.5,6.79,Biweekly,2025-02-10,8276.88
120,660,54354.52,68614.75,25.77,Monthly,2025-02-28,9240.05
121,546,73834.33,91027.94,7.2,Monthly,2025-03-23,8133.29
122,335,37019.24,23381.28,5.88,Biweekly,2025-02-23,2995.3
123,155,100871.21,31664.2,18.0,Monthly,2025-02-11,4332.36
124,292,44478.84,67789.31,25.63,Biweekly,2025-02-11,2633.85
125,677,32481.8,21173.27,5.07,Biweekly,2025-03-12,5783.98
126,902,66405.49,99316.38,27.49,Biweekly,2025-02-15,2200.98
127,922,95858.52,36624.13,6.35,Biweekly,2025-02-19,9743.36
128,878,43977.19,26506.62,20.36,Biweekly,2025-02-03,5181.85
129,780,73351.04,59198.43,16.16,Monthly,2025-01-31,8431.99
130,76,35306.7,50667.25,17.21,Monthly,2025-02-19,7839.76
131,969,72483.49,65599.96,19.98,Biweekly,2025-03-11,2540.76
132,386,105840.64,47027.83,23.27,Biweekly,2025-01-31,6921.48
133,933,71097.6,39297.16,20.37,Monthly,2025-03-14,5579.45
134,462,30446.71,51174.61,12.24,Biweekly,2025-02-12,4324.3
135,474,66132.87,61338.86,19.83,Monthly,2025-02-11,3554.11
136,997,58944.76,88899.4,29.62,Monthly,2025-02-22,6325.45
137,338,91271.14,28986.98,16.62,Biweekly,2025-03-02,8701.22
138,251,80173.35,81428.77,6.61,Monthly,2025-02-02,4379.04
139,64,82535.99,22677.43,29.49,Monthly,2025-02-13,9243.39
140,884,75216.53,97839.5,7.87,Biweekly,2025-03-22,3260.45
141,68,40938.57,59872.0,6.99,Monthly,2025-02-21,2704.4
142,652,39813.01,23449.7,7.44,Biweekly,2025-01-30,8156.52
143,987,82949.54,35914.7,21.81,Biweekly,2025-02-17,9784.14
144,227,114104.77,67481.96,6.19,Biweekly,2025-02-25,9325.48
145,563,100878.73,23334.62,27.65,Biweekly,2025-02-12,7201.93
146,790,97897.52,69071.5,26.42,Biweekly,2025-02-25,2451.73
147,93,57433.21,73894.57,14.58,Monthly,2025-02-18,9847.39
148,976,105991.68,93550.84,17.69,Monthly,2025-03-15,6792.31
149,222,82523.23,70440.76,16.68,Monthly,2025-03-03,9478.33
150,590,98042.19,70096.46,5.84,Biweekly,2025-02-18,3983.36
151,150,85877.1,35083.72,20.15,Monthly,2025-03-26,6300.28
152,893,90092.94,24739.83,14.36,Monthly,2025-02-10,2134.21
153,865,33632.19,63598.55,5.09,Monthly,2025-03-13,2229.08
154,313,67770.48,27407.53,15.46,Biweekly,2025-03-26,2858.75
155,817,68918.0,49033.6,14.18,Biweekly,2025-02-12,2842.3
156,529,50307.81,73476.0,14.04,Monthly,2025-03-25,7682.32
157,205,98612.0,87010.2,18.51,Monthly,2025-02-01,5985.53
158,262,59406.0,42365.25,15.85,Monthly,2025-03-29,4017.7
159,705,63122.04,60453.57,19.06,Monthly,2025-02-09,3922.31
160,557,85208.66,39703.93,27.68,Monthly,2025-03-11,6815.26
161,757,50949.39,92121.34,14.07,Biweekly,2025-03-09,3344.19
162,32,31255.56,54005.4,18.05,Biweekly,2025-02-20,5763.47
163,843,69043.84,72045.21,19.07,Biweekly,2025-02-11,6040.43
164,147,90206.52,50225.42,22.58,Biweekly,2025-03-11,5973.59
165,214,101599.16,30036.46,10.89,Monthly,2025-03-12,9775.66
166,314,77783.09,25369.85,13.51,Biweekly,2025-03-30,3751.46
167,943,106281.11,92573.87,8.2,Monthly,2025-03-08,8226.77
168,820,111683.59,64796.2,28.69,Monthly,2025-03-25,9223.15
169,493,75451.3,42104.35,18.29,Biweekly,2025-03-16,7112.29
170,313,65168.75,57071.4,20.91,Biweekly,2025-02-28,8130.99
171,384,44951.29,71181.58,19.76,Monthly,2025-01-30,6678.86
172,122,78463.04,81860.8,16.3,Monthly,2025-02-23,6425.06
173,9,36033.48,23290.14,6.34,Monthly,2025-02-19,7303.17
174,579,102127.93,36501.16,12.27,Monthly,2025-01-30,4349.4
175,422,66165.13,25354.64,24.49,Monthly,2025-02-23,5179.77
176,450,76563.66,99280.62,11.64,Monthly,2025-03-07,4415.86
177,562,108167.55,54033.41,29.45,Monthly,2025-02-26,6865.34
178,805,45932.43,37701.44,20.22,Biweekly,2025-02-23,9363.44
179,157,113457.55,79874.35,23.81,Biweekly,2025-02-05,2347.6
180,998,45954.93,66904.38,17.42,Biweekly,2025-01-31,2616.55
181,609,78998.0,48597.59,11.99,Biweekly,2025-03-08,4285.83
182,762,53755.89,85526.51,24.47,Biweekly,2025-02-08,3296.93
183,937,38118.36,24283.3,11.3,Biweekly,2025-03-13,3676.42
184,368,97271.78,64549.6,20.97,Monthly,2025-03-08,7955.45
185,274,110202.5,78629.66,20.4,Biweekly,2025-02-24,5089.69
186,462,45223.2,27627.49,14.38,Monthly,2025-03-27,2669.64
187,717,105323.95,47936.35,7.76,Monthly,2025-03-16,2321.13
188,286,34305.39,21503.91,7.6,Biweekly,2025-01-30,4345.62
189,577,62377.37,55462.58,9.59,Monthly,2025-02-01,8660.31
190,537,107424.53,62848.23,29.77,Monthly,2025-03-24,2770.14
191,709,38738.97,80264.93,17.64,Biweekly,2025-02-26,5956.3
192,736,104005.14,34007.64,24.96,Biweekly,2025-02-27,6392.24
193,533,30365.99,88621.37,16.44,Biweekly,2025-03-03,3321.32
194,652,107923.76,91070.69,23.73,Biweekly,2025-03-24,8056.81
195,882,65700.84,20721.02,25.25,Biweekly,2025-02-01,9022.6
196,456,72979.5,44648.14,28.45,Biweekly,2025-02-08,6090.45
197,265,54828.64,54552.45,28.32,Monthly,2025-03-02,3231.58
198,834,41703.01,68748.12,9.57,Monthly,2025-02-08,2008.12
199,417,106904.79,40000.41,14.38,Monthly,2025-03-18,2279.91
200,156,93348.56,48751.31,28.09,Monthly,2025-03-10,7511.29
201,796,45833.66,52605.16,6.05,Monthly,2025-02-28,2186.74
202,25,98237.3,55554.54,9.31,Monthly,2025-02-12,2412.11
203,603,108762.27,57325.19,21.56,Biweekly,2025-03-27,8601.88
204,696,99954.09,57336.46,22.63,Biweekly,2025-03-11,4505.85
205,369,38849.14,92959.53,27.89,Monthly,2025-02-15,3683.79
206,363,31016.39,26328.41,14.06,Monthly,2025-03-21,7056.19
207,36,63719.25,58438.54,12.4,Monthly,2025-01-30,3321.84
208,506,41161.16,94057.07,13.22,Monthly,2025-03-27,8861.56
209,79,40642.93,55443.5,27.08,Monthly,2025-02-11,4534.39
210,845,106654.61,33297.4,10.65,Monthly,2025-02-27,8465.83
211,430,91686.74,65571.7,8.53,Biweekly,2025-02-08,6239.11
212,518,70068.88,62051.38,8.57,Biweekly,2025-02-10,6050.08
213,161,61453.26,29457.7,10.89,Monthly,2025-03-05,5437.27
214,405,46211.38,83583.61,26.23,Biweekly,2025-01-30,6710.43
215,103,102366.51,28676.44,15.84,Monthly,2025-03-01,7767.59
216,854,76321.19,95248.34,29.57,Monthly,2025-01-31,2533.9
217,495,116500.05,52859.58,28.87,Biweekly,2025-03-30,2729.07
218,308,30814.91,45827.93,23.35,Monthly,2025-03-10,5052.11
219,872,64674.89,46778.35,17.44,Monthly,2025-03-30,7915.58
220,332,36411.51,61334.39,11.32,Monthly,2025-03-26,3662.76
221,687,108305.07,44684.69,27.46,Monthly,2025-03-11,9206.29
222,552,70031.36,30359.41,24.96,Biweekly,2025-02-08,4363.8
223,693,82457.56,62417.69,15.68,Biweekly,2025-02-17,5140.34
224,813,92693.6,98052.28,6.39,Biweekly,2025-02-10,3388.09
225,856,57263.51,84831.3,18.67,Monthly,2025-03-03,7913.67
226,240,83863.41,29740.28,19.45,Monthly,2025-02-14,7702.79
227,615,90795.93,27948.45,28.04,Biweekly,2025-03-03,8763.06
228,32,49972.3,75042.74,22.91,Biweekly,2025-03-07,4487.98
229,181,109852.1,45776.11,29.55,Monthly,2025-02-14,9910.29
230,629,84527.51,72688.97,15.48,Monthly,2025-02-22,9381.75
231,541,40972.67,42710.41,15.62,Biweekly,2025-02-14,3028.21
232,732,54945.84,55957.57,12.09,Biweekly,2025-02-11,7322.76
233,985,78218.03,36841.0,14.25,Biweekly,2025-03-24,7714.97
234,281,57935.76,75946.42,13.01,Biweekly,2025-02-03,9086.06
235,451,90891.53,41614.63,14.99,Monthly,2025-03-02,2410.82
236,179,69213.85,37776.4,14.86,Monthly,2025-03-19,2369.82
237,500,82478.83,98328.29,10.82,Biweekly,2025-03-24,7796.21
238,299,67369.64,42217.04,26.98,Monthly,2025-02-17,9431.73
239,733,86480.67,70169.67,12.88,Biweekly,2025-03-15,2120.5
240,25,63798.22,67565.41,27.14,Biweekly,2025-03-14,7124.25
241,332,72979.46,26493.18,18.95,Biweekly,2025-02-28,2823.26
242,728,39186.36,21622.97,7.42,Biweekly,2025-02-21,6194.15
243,722,110890.77,58442.63,20.88,Biweekly,2025-03-04,2586.28
244,52,69089.7,96091.96,9.12,Monthly,2025-02-25,3218.92
245,313,61222.54,74519.53,26.56,Monthly,2025-02-04,3299.99
246,817,57274.28,42714.05,21.13,Monthly,2025-02-28,7226.7
247,746,88580.84,36020.98,26.81,Biweekly,2025-03-19,3150.52
248,324,97289.95,22311.93,29.77,Monthly,2025-03-10,2478.86
249,641,96708.57,95990.25,7.3,Biweekly,2025-02-15,2868.19
250,847,84264.13,39947.01,28.13,Monthly,2025-03-03,6087.79
251,437,78068.67,48036.85,14.78,Biweekly,2025-02-18,9460.33
252,395,104063.66,70432.67,24.59,Monthly,2025-03-28,9592.74
253,118,48812.72,91370.88,11.21,Monthly,2025-03-06,8354.06
254,181,71370.21,28656.85,28.61,Biweekly,2025-02-03,7213.42
255,215,49541.75,20984.4,13.15,Biweekly,2025-02-09,9292.91
256,539,61237.61,37444.02,11.84,Monthly,2025-02-07,9172.95
257,72,61172.45,84784.58,13.57,Biweekly,2025-02-10,7452.16
258,216,75792.8,61461.56,23.87,Biweekly,2025-03-03,5663.72
259,728,107448.86,42895.46,20.51,Biweekly,2025-02-14,9234.22
260,219,65866.35,36878.5,29.31,Biweekly,2025-03-02,9471.24
261,956,109885.92,34965.88,8.71,Biweekly,2025-03-02,6609.07
262,296,99676.67,59751.49,11.11,Biweekly,2025-03-20,8508.35
263,66,118992.64,44835.25,12.64,Monthly,2025-03-13,9886.17
264,420,113242.32,46116.92,29.43,Monthly,2025-02-16,6882.13
265,54,47140.84,87821.06,11.25,Biweekly,2025-03-15,7237.97
266,85,84099.33,51527.68,15.47,Monthly,2025-03-14,8869.05
267,861,76451.37,48649.72,26.78,Monthly,2025-03-23,8046.94
268,422,40949.91,46209.24,6.75,Monthly,2025-03-24,8812.24
269,862,43278.66,45704.24,10.35,Biweekly,2025-03-23,8299.46
270,299,60036.44,89953.2,19.31,Biweekly,2025-02-16,8279.78
271,883,119408.34,93563.95,20.58,Monthly,2025-03-10,8917.85
272,751,60752.87,84349.74,26.91,Biweekly,2025-02-02,9632.47
273,471,93019.1,59169.63,23.96,Biweekly,2025-02-20,6785.95
274,848,53469.97,80055.05,23.93,Biweekly,2025-02-07,3292.42
275,499,102305.12,68158.31,10.07,Biweekly,2025-03-14,8806.59
276,444,92461.28,46968.68,20.79,Biweekly,2025-02-25,9059.19
277,747,74544.82,81244.78,9.01,Biweekly,2025-03-22,5039.8
278,95,77628.69,81896.4,18.04,Biweekly,2025-03-28,2553.06
279,517,36191.92,28655.63,22.3,Monthly,2025-01-31,4514.64
280,33,68206.75,22268.02,24.32,Biweekly,2025-02-22,3525.89
281,910,107130.13,64526.46,19.39,Biweekly,2025-01-31,3525.36
282,292,36939.28,46330.35,19.89,Biweekly,2025-02-23,5075.46
283,605,102476.28,82068.97,14.44,Monthly,2025-03-05,5101.96
284,182,116705.82,52898.63,26.62,Biweekly,2025-03-22,3616.88
285,675,88838.03,62359.72,16.59,Biweekly,2025-03-20,4309.86
286,783,107742.35,25253.63,26.63,Monthly,2025-01-30,8975.43
287,818,51753.18,98227.04,26.35,Biweekly,2025-03-28,9802.6
288,550,96405.57,33117.13,18.93,Biweekly,2025-03-16,6493.55
289,77,72506.79,33741.55,14.93,Biweekly,2025-02-10,8818.85
290,646,51266.1,38698.12,27.01,Monthly,2025-03-23,5130.79
291,345,119068.1,60010.31,14.42,Biweekly,2025-03-12,4022.73
292,930,63419.28,36347.91,18.64,Biweekly,2025-02-05,3816.06
293,349,37747.25,64496.43,11.07,Biweekly,2025-03-01,8237.89
294,403,47514.81,58847.68,18.19,Biweekly,2025-02-11,4329.24
295,594,45234.14,65751.95,15.55,Biweekly,2025-02-16,6161.7
296,983,78767.63,55261.68,10.45,Monthly,2025-03-30,4111.15
297,834,55494.25,89749.28,24.91,Monthly,2025-02-20,6323.87
298,869,57328.75,48296.96,26.51,Monthly,2025-03-06,2425.38
299,674,100965.65,66769.46,27.09,Biweekly,2025-03-02,7211.08
300,313,42404.24,34041.5,18.66,Monthly,2025-02-27,6393.64
301,894,54598.48,29711.57,14.21,Biweekly,2025-03-06,2641.54
302,508,113322.8,23036.63,11.8,Monthly,2025-03-28,2207.55
303,17,52835.74,21504.77,10.09,Monthly,2025-02-16,4395.59
304,407,36462.15,49575.57,28.5,Monthly,2025-02-03,4415.64
305,395,54890.94,60318.6,19.03,Monthly,2025-03-02,4217.05
306,704,70412.52,62009.32,16.35,Monthly,2025-03-05,9068.49
307,136,75911.54,23703.85,16.97,Biweekly,2025-03-25,7932.48
308,94,58967.98,48747.7,15.17,Biweekly,2025-03-10,5564.8
309,444,31968.04,94502.49,25.57,Biweekly,2025-03-14,3749.81
310,490,47039.86,64382.72,5.51,Monthly,2025-03-02,5870.69
311,718,76495.97,48690.54,20.42,Biweekly,2025-03-14,7390.91
312,783,87146.07,24777.15,25.8,Biweekly,2025-03-19,5337.33
313,741,51266.78,52789.75,6.87,Biweekly,2025-03-29,9474.16
314,902,65604.59,32604.81,8.8,Biweekly,2025-03-29,4537.67
315,279,30890.82,39999.15,6.88,Biweekly,2025-02-07,3548.66
316,479,115799.26,97395.72,5.17,Biweekly,2025-02-09,7395.71
317,128,40883.7,50039.21,22.69,Monthly,2025-02-17,5034.76
318,303,35531.59,97917.2,6.74,Biweekly,2025-03-14,2359.17
319,39,116931.21,33253.62,10.79,Monthly,2025-03-28,4393.81
320,739,75967.59,62591.64,29.81,Monthly,2025-03-24,9563.63
321,328,118797.51,79373.43,17.92,Monthly,2025-02-20,3575.15
322,787,92200.42,87821.99,8.25,Monthly,2025-01-31,6803.39
323,53,113257.97,94537.02,8.78,Monthly,2025-02-28,4716.02
324,220,50855.44,87355.81,7.05,Monthly,2025-03-03,7126.54
325,323,47143.78,85318.49,7.01,Biweekly,2025-03-16,8600.11
326,42,49369.58,95570.08,24.24,Monthly,2025-03-10,5428.99
327,468,101120.94,44473.54,9.24,Monthly,2025-02-12,5694.55
328,484,68939.2,40164.09,5.85,Monthly,2025-03-13,6318.54
329,557,112047.64,37681.72,22.41,Biweekly,2025-02-23,3640.4
330,148,86300.82,86182.25,24.16,Monthly,2025-03-02,9284.82
331,496,80774.81,63529.24,20.65,Biweekly,2025-02-09,6465.74
332,698,67523.47,20834.22,5.11,Monthly,2025-02-07,5008.13
333,862,89641.32,99627.69,12.56,Monthly,2025-03-08,6551.97
334,772,54084.72,83700.11,8.31,Monthly,2025-01-30,9075.69
335,778,81142.86,23493.89,24.3,Biweekly,2025-03-24,5804.43
336,731,53804.04,25980.49,19.38,Monthly,2025-03-26,3709.01
337,785,105926.03,25792.24,11.82,Monthly,2025-03-05,9515.29
338,280,73959.02,69377.63,7.8,Biweekly,2025-03-22,9909.98
339,856,42088.07,68240.12,22.12,Monthly,2025-03-26,8742.42
340,790,63035.43,59346.3,8.91,Monthly,2025-03-16,6534.67
341,629,70450.86,49883.63,12.13,Biweekly,2025-02-02,5964.82
342,975,93511.27,25172.55,12.22,Monthly,2025-02-09,5631.14
343,201,60911.24,68518.46,19.99,Monthly,2025-03-04,4127.16
344,499,35481.46,51941.1,9.34,Monthly,2025-02-15,7395.68
345,740,69456.81,98648.51,5.2,Monthly,2025-02-16,8952.31
346,557,35269.0,94901.1,21.62,Monthly,2025-02-10,2626.9
347,251,58849.81,80458.03,20.86,Monthly,2025-02-18,4391.71
348,625,81922.93,45179.62,18.1,Biweekly,2025-02-18,5902.61
349,656,80404.65,78556.74,5.22,Monthly,2025-03-07,3803.82
350,127,47280.09,85192.84,17.31,Biweekly,2025-03-21,3487.29
351,906,90650.04,26381.0,24.98,Monthly,2025-03-28,8487.47
352,833,32405.78,54249.67,15.99,Monthly,2025-03-07,6416.45
353,366,43127.1,88224.08,6.56,Monthly,2025-02-04,9844.32
354,904,47065.72,44901.65,21.08,Monthly,2025-01-30,2216.42
355,886,117237.11,57358.35,14.81,Monthly,2025-03-20,9329.2
356,839,78239.25,71065.87,19.11,Monthly,2025-02-18,8458.15
357,623,60466.1,69610.84,8.8,Biweekly,2025-02-25,9313.95
358,204,87525.59,22276.6,21.76,Monthly,2025-03-15,2370.89
359,965,73740.22,33580.8,9.81,Biweekly,2025-03-13,8539.58
360,991,69538.49,33110.09,6.67,Biweekly,2025-02-05,4431.15
361,733,64981.96,63126.65,8.7,Monthly,2025-02-11,7042.85
362,995,41840.01,70961.92,23.72,Biweekly,2025-03-20,5485.86
363,27,68865.8,72598.76,22.46,Monthly,2025-03-27,9570.79
364,637,69319.11,20119.47,10.41,Biweekly,2025-03-21,3002.95
365,871,53657.46,76417.77,17.18,Monthly,2025-03-27,5082.96
366,173,82107.92,83612.5,12.57,Biweekly,2025-03-30,2216.9
367,425,33275.29,47740.12,11.43,Biweekly,2025-02-21,7776.6
368,474,54817.37,63645.74,10.54,Biweekly,2025-01-30,8886.58
369,272,102306.13,95271.16,18.39,Monthly,2025-03-19,3329.46
370,495,105019.72,83289.13,7.19,Biweekly,2025-02-26,6850.9
371,920,40847.92,50508.85,22.43,Monthly,2025-03-08,3747.06
372,735,115127.16,95207.46,5.15,Monthly,2025-02-09,3076.28
373,556,51354.1,29419.45,12.59,Biweekly,2025-02-10,6803.98
374,915,87736.82,41812.18,15.73,Monthly,2025-02-22,3639.83
375,261,92446.03,96634.38,7.37,Biweekly,2025-03-26,5396.67
376,841,91392.6,25495.36,17.43,Biweekly,2025-03-29,6205.04
377,155,77278.92,57933.28,22.53,Monthly,2025-03-17,2784.87
378,165,82755.75,70792.82,26.45,Biweekly,2025-03-27,6688.21
379,114,58461.19,80150.79,17.85,Monthly,2025-03-28,6475.64
380,489,87197.42,87438.79,27.75,Biweekly,2025-02-11,7899.32
381,881,53039.74,76007.36,21.41,Monthly,2025-03-16,5476.14
382,806,87643.31,91900.4,20.28,Biweekly,2025-02-09,6080.61
383,774,82851.83,24623.66,24.99,Monthly,2025-03-02,4581.9
384,928,61535.07,38313.22,22.7,Monthly,2025-03-09,4316.09
385,689,84231.38,95542.54,19.72,Monthly,2025-02-03,2988.29
386,317,99664.65,99848.73,23.99,Biweekly,2025-02-20,7287.16
387,178,104120.61,88554.1,7.47,Biweekly,2025-02-19,2393.01
388,882,31008.46,94401.17,20.76,Biweekly,2025-03-21,6950.82
389,726,60825.17,69181.79,23.0,Monthly,2025-03-18,2872.95
390,98,117897.37,80025.53,5.91,Monthly,2025-03-23,2107.35
391,499,88701.45,20536.95,25.12,Monthly,2025-03-21,6059.9
392,702,71300.75,57429.76,15.91,Monthly,2025-03-05,4478.7
393,481,65585.69,54775.43,27.89,Monthly,2025-02-13,4321.46
394,814,49552.15,82319.95,10.05,Biweekly,2025-03-20,4241.1
395,862,74768.84,38257.48,19.46,Biweekly,2025-03-06,5841.91
396,408,99902.94,78471.84,11.83,Monthly,2025-03-25,3896.21
397,64,118882.06,62087.48,8.0,Biweekly,2025-03-30,9903.23
398,461,95417.92,96104.14,21.1,Biweekly,2025-03-20,7911.93
399,443,61836.78,25708.74,6.78,Biweekly,2025-03-09,7340.04
400,689,32058.11,61699.74,26.71,Monthly,2025-03-20,4644.83
401,748,55102.34,51990.91,17.84,Biweekly,2025-02-09,9489.55
402,284,104267.15,46005.45,19.17,Monthly,2025-03-24,9087.37
403,942,109678.32,62558.2,18.76,Biweekly,2025-02-24,4980.41
404,446,77533.16,74721.28,24.91,Monthly,2025-02-21,2252.17
405,934,118607.29,99638.14,6.73,Monthly,2025-03-26,6593.8
406,25,63288.15,64717.76,27.84,Biweekly,2025-03-16,4809.7
407,260,50693.17,92667.78,9.2,Monthly,2025-03-09,7180.39
408,314,114944.75,96103.81,6.52,Biweekly,2025-02-22,7685.61
409,19,47971.65,32903.46,15.46,Biweekly,2025-02-03,9666.39
410,890,98153.16,51326.11,21.77,Biweekly,2025-03-26,7208.75
411,776,70949.98,47453.37,12.77,Monthly,2025-01-30,2364.53
412,539,92120.65,46259.49,6.72,Biweekly,2025-01-30,3219.55
413,613,63245.87,26199.91,15.16,Monthly,2025-03-16,6721.65
414,13,39703.13,66877.55,10.73,Biweekly,2025-02-22,5290.93
415,272,71175.47,83475.3,20.91,Biweekly,2025-03-19,6228.95
416,832,77904.22,90437.18,7.54,Monthly,2025-03-28,5958.68
417,198,83500.15,75423.57,18.63,Biweekly,2025-02-26,6938.9
418,553,93014.46,57950.28,13.69,Monthly,2025-03-30,8673.13
419,802,45489.87,97677.39,13.55,Monthly,2025-03-27,8318.38
420,801,118775.99,44193.92,19.91,Biweekly,2025-03-30,8973.23
421,327,75585.79,57641.2,6.22,Monthly,2025-02-27,6760.47
422,244,70891.43,40706.57,12.57,Biweekly,2025-02-25,3194.38
423,76,78112.11,41124.21,20.13,Biweekly,2025-03-01,4501.53
424,339,38641.79,71119.72,22.67,Monthly,2025-03-15,2838.09
425,498,47316.44,50572.46,16.79,Monthly,2025-02-23,3411.87
426,928,95790.48,79688.91,29.89,Biweekly,2025-03-01,5055.44
427,234,114471.39,39722.16,22.59,Biweekly,2025-02-25,2081.94
428,728,114648.68,95614.45,29.29,Monthly,2025-02-09,3486.68
429,27,101375.89,35491.51,22.41,Monthly,2025-02-03,5119.61
430,388,69430.95,48068.24,24.41,Biweekly,2025-03-14,6030.36
431,753,110855.58,52735.54,23.95,Monthly,2025-03-10,7176.78
432,402,92899.0,46662.45,19.09,Biweekly,2025-03-27,6426.11
433,155,56489.76,78071.2,25.71,Biweekly,2025-02-15,9718.41
434,80,36145.31,22296.68,18.06,Monthly,2025-03-12,4989.09
435,21,45155.06,74921.29,7.32,Monthly,2025-02-12,8532.42
436,779,40354.36,52974.23,9.71,Monthly,2025-03-08,4802.25
437,660,112204.67,57144.75,9.97,Monthly,2025-03-04,5643.64
438,979,60986.17,93143.17,24.54,Monthly,2025-02-26,5780.79
439,356,60364.62,24614.38,13.98,Biweekly,2025-02-21,6915.89
440,425,59940.12,52196.12,7.93,Monthly,2025-02-27,9708.62
441,578,49216.67,72579.62,6.82,Monthly,2025-03-14,3219.55
442,131,116520.39,73849.84,18.83,Biweekly,2025-03-05,9801.09
443,749,68013.7,78061.36,26.92,Biweekly,2025-03-26,2995.95
444,958,112242.31,29697.63,26.73,Monthly,2025-02-09,3641.85
445,107,84471.33,57312.03,11.95,Biweekly,2025-03-08,8561.01
446,211,89239.02,75494.92,17.76,Biweekly,2025-02-02,6625.32
447,153,80081.97,65372.76,28.29,Biweekly,2025-02-24,7394.15
448,270,111521.87,23346.05,7.9,Biweekly,2025-02-23,6087.26
449,335,59524.7,97166.97,20.52,Biweekly,2025-03-04,7726.21
450,226,80448.1,63650.02,14.01,Monthly,2025-03-27,5845.6
451,824,88246.19,70373.72,7.13,Biweekly,2025-03-21,8950.8
452,522,45819.99,48422.35,12.63,Biweekly,2025-02-19,7577.22
453,694,111359.17,95550.89,16.76,Monthly,2025-03-30,7057.29
454,369,46879.8,44064.69,26.11,Monthly,2025-03-21,9944.8
455,852,55999.05,74715.49,15.01,Biweekly,2025-03-02,5935.95
456,5,91060.25,48312.99,20.08,Biweekly,2025-03-26,2458.59
457,845,103125.11,43911.97,21.41,Biweekly,2025-02-04,2777.82
458,400,81221.59,81808.21,22.56,Monthly,2025-03-15,7762.71
459,67,74578.03,46746.71,14.17,Biweekly,2025-03-29,2389.89
460,329,108056.02,29023.69,24.57,Biweekly,2025-03-26,7887.35
461,915,41110.32,42784.92,9.41,Monthly,2025-03-12,3297.68
462,772,58824.9,29936.82,25.98,Monthly,2025-03-06,2010.46
463,561,64323.13,81064.4,13.94,Monthly,2025-03-20,3067.52
464,733,98329.07,46071.56,22.6,Biweekly,2025-03-01,4640.35
465,114,65532.87,58809.32,27.65,Biweekly,2025-03-14,6446.43
466,225,64231.25,98743.9,13.81,Biweekly,2025-03-20,8130.68
467,448,58510.15,72595.82,23.93,Biweekly,2025-02-20,7357.67
468,39,110382.83,64428.84,28.94,Biweekly,2025-03-19,3593.25
469,880,59131.81,25891.91,6.14,Biweekly,2025-03-03,9925.65
470,863,87911.87,26537.66,23.62,Biweekly,2025-03-11,6148.64
471,258,30130.6,92445.34,24.96,Monthly,2025-03-24,5890.0
472,108,31153.22,37387.31,16.99,Monthly,2025-02-05,4233.78
473,157,53570.23,43982.21,19.02,Monthly,2025-03-07,3289.42
474,931,100141.85,96874.18,5.91,Monthly,2025-03-17,9000.14
475,459,113278.87,97634.01,21.19,Monthly,2025-03-22,2079.39
476,132,110405.29,31532.84,8.73,Monthly,2025-03-01,5415.53
477,527,102674.62,20377.03,29.92,Biweekly,2025-02-20,6356.18
478,910,75233.47,55341.89,18.15,Monthly,2025-02-28,2325.16
479,950,80789.0,66872.57,11.46,Monthly,2025-02-02,3527.67
480,79,116388.86,69082.22,17.04,Monthly,2025-03-18,2459.38
481,721,56787.09,91415.38,15.66,Monthly,2025-02-19,9896.58
482,670,98850.97,47263.38,13.98,Monthly,2025-02-04,7648.21
483,891,57947.37,29241.29,13.02,Biweekly,2025-03-13,7650.99
484,982,63442.45,73493.51,7.5,Monthly,2025-02-08,8573.92
485,683,119889.51,49736.4,11.67,Biweekly,2025-03-16,8476.11
486,247,102688.04,61279.27,6.46,Monthly,2025-03-16,3039.27
487,129,101781.31,74590.61,8.31,Monthly,2025-03-08,9182.92
488,47,35773.81,85175.01,17.31,Biweekly,2025-02-08,3098.8
489,551,62697.83,25818.56,18.09,Biweekly,2025-02-17,9485.18
490,497,41340.95,60940.47,20.17,Monthly,2025-03-01,2273.83
491,925,62524.81,81915.16,15.24,Biweekly,2025-02-01,7322.04
492,117,89423.25,71825.46,7.31,Monthly,2025-01-30,3021.08
493,963,110173.92,85087.22,16.05,Monthly,2025-03-18,8534.69
494,933,47031.86,68941.98,11.89,Biweekly,2025-03-20,5304.17
495,983,94027.36,48941.99,20.82,Monthly,2025-03-22,5573.55
496,493,106953.1,48982.3,15.3,Biweekly,2025-02-20,5355.76
497,231,115735.71,85036.45,24.16,Monthly,2025-03-08,5963.73
498,589,118207.35,57700.91,12.06,Monthly,2025-03-27,2272.85
499,30,42148.47,22163.95,14.86,Biweekly,2025-02-14,8150.76
500,878,103315.99,84069.77,21.63,Monthly,2025-02-13,9553.73
501,702,71852.34,32430.92,10.35,Biweekly,2025-02-17,6786.94
502,502,107675.25,70445.74,6.84,Biweekly,2025-02-18,4427.48
503,741,108681.22,84620.49,21.08,Biweekly,2025-03-19,3453.04
504,21,32863.08,67609.09,17.3,Monthly,2025-03-02,4951.75
505,327,106385.49,50909.47,6.17,Biweekly,2025-02-26,7183.41
506,791,78637.54,37796.97,15.94,Monthly,2025-01-31,5172.3
507,240,43943.46,23017.76,11.14,Monthly,2025-02-21,8463.7
508,283,73379.57,43195.51,9.83,Monthly,2025-02-17,9519.14
509,922,30499.53,25178.28,14.83,Monthly,2025-03-10,3894.44
510,768,79302.12,81544.84,18.62,Monthly,2025-03-27,3345.4
511,532,102078.77,20941.36,28.91,Biweekly,2025-03-28,5308.65
512,580,35079.94,40859.9,12.85,Monthly,2025-03-29,7240.43
513,465,118946.59,30581.47,15.08,Biweekly,2025-03-04,7890.06
514,625,77545.37,70521.44,7.98,Monthly,2025-02-11,3847.66
515,123,76274.1,37999.0,24.46,Monthly,2025-03-24,3929.72
516,853,45565.78,23419.12,19.48,Monthly,2025-03-03,6350.9
517,918,110686.76,91678.54,10.21,Biweekly,2025-02-03,4852.18
518,554,77174.24,30881.61,22.65,Monthly,2025-02-17,4393.42
519,237,111973.37,63595.96,10.64,Monthly,2025-02-20,6169.27
520,594,82375.16,48034.64,11.25,Biweekly,2025-02-07,8674.28
521,221,112556.55,70260.07,12.56,Monthly,2025-02-12,6109.66
522,292,96717.14,70236.36,20.15,Monthly,2025-03-09,9282.88
523,478,78252.15,26033.08,8.36,Monthly,2025-03-01,2983.86
524,253,111211.67,38195.94,25.78,Biweekly,2025-02-17,9184.62
525,861,46431.06,32105.68,17.81,Monthly,2025-02-14,9549.54
526,57,83849.45,77139.13,21.79,Monthly,2025-03-15,9231.4
527,827,48018.34,30772.91,13.9,Biweekly,2025-02-22,3364.11
528,425,48879.61,84407.66,24.49,Biweekly,2025-03-01,3816.77
529,479,109871.33,36299.67,22.47,Biweekly,2025-03-03,6982.8
530,517,103518.66,61243.36,24.11,Monthly,2025-02-10,9133.25
531,432,75443.53,43433.16,20.35,Monthly,2025-02-26,2091.36
532,475,62475.6,44946.39,17.99,Biweekly,2025-03-14,8396.81
533,86,60708.64,97403.53,24.61,Monthly,2025-02-14,6617.57
534,874,103802.67,30533.02,24.49,Biweekly,2025-02-24,4765.44
535,303,46519.02,87640.97,18.74,Monthly,2025-03-28,7692.04
536,593,51471.31,70078.67,11.31,Monthly,2025-02-04,6127.91
537,431,101845.39,20650.31,8.08,Monthly,2025-02-17,3391.91
538,404,104740.27,91887.51,5.92,Monthly,2025-02-12,2527.12
539,61,31060.67,21186.74,26.43,Monthly,2025-02-11,5705.36
540,838,32326.14,97394.08,13.43,Biweekly,2025-02-22,6564.88
541,274,43731.56,52626.81,24.14,Monthly,2025-02-25,4919.74
542,624,61247.36,52818.67,9.07,Biweekly,2025-03-17,4447.12
543,717,41321.25,25498.72,11.58,Biweekly,2025-03-18,4774.37
544,622,100053.19,51433.24,10.88,Monthly,2025-02-06,9366.88
545,804,56329.35,82660.29,11.86,Monthly,2025-02-27,2210.43
546,437,84120.14,69811.66,19.23,Biweekly,2025-03-12,5148.64
547,178,113941.59,68373.54,10.4,Monthly,2025-03-30,7944.9
548,878,88521.58,57528.77,10.38,Biweekly,2025-03-03,3872.78
549,95,116621.04,81595.98,9.19,Monthly,2025-02-02,5025.33
550,486,98471.9,24438.01,7.68,Biweekly,2025-03-27,6240.86
551,283,83619.59,63483.85,10.54,Biweekly,2025-02-22,9573.45
552,666,31617.4,77661.53,22.75,Biweekly,2025-03-05,6546.11
553,921,45265.41,37535.52,26.59,Biweekly,2025-03-01,8367.83
554,56,63918.3,91993.48,22.27,Biweekly,2025-03-06,3964.52
555,581,74403.43,77955.35,21.24,Monthly,2025-03-04,5040.18
556,545,46531.68,50029.19,12.13,Biweekly,2025-03-14,3091.45
557,79,56770.41,46427.83,18.77,Monthly,2025-02-03,6711.22
558,865,114055.64,67397.88,7.71,Monthly,2025-02-13,8231.54
559,504,51359.5,20850.02,12.94,Monthly,2025-02-02,3964.74
560,238,47558.83,50554.72,25.61,Monthly,2025-02-02,4600.48
561,140,98253.8,40093.04,6.99,Biweekly,2025-03-10,8968.26
562,191,101020.63,61712.33,7.65,Biweekly,2025-02-10,2036.22
563,248,97450.32,78924.07,14.04,Biweekly,2025-03-16,6730.43
564,725,88599.4,20224.48,17.09,Biweekly,2025-02-23,6147.17
565,957,97362.62,96564.37,18.0,Monthly,2025-02-06,7230.78
566,258,109248.83,87760.25,18.69,Monthly,2025-02-17,5633.23
567,407,30284.28,69291.93,29.6,Biweekly,2025-03-11,4237.36
568,629,54397.0,38226.88,22.35,Biweekly,2025-03-01,5723.07
569,155,102841.8,27613.77,24.29,Biweekly,2025-02-24,4322.25
570,909,77936.97,60696.67,7.83,Monthly,2025-03-05,2863.2
571,52,101455.72,55741.43,7.8,Biweekly,2025-03-25,3460.3
572,616,94204.12,88367.07,27.3,Monthly,2025-02-25,5287.81
573,670,73462.45,53550.52,19.22,Biweekly,2025-03-16,5911.61
574,200,110726.49,36525.4,16.62,Biweekly,2025-03-09,7502.84
575,980,89252.78,70505.65,7.42,Biweekly,2025-02-09,7191.28
576,978,40248.61,76482.52,22.25,Biweekly,2025-02-14,5526.82
577,901,113587.21,72762.53,7.36,Monthly,2025-02-09,7694.83
578,913,119723.35,37948.55,10.16,Monthly,2025-03-24,8934.81
579,599,85513.18,63769.66,24.17,Biweekly,2025-03-25,5205.18
580,615,77001.4,36771.92,17.98,Monthly,2025-02-23,4962.47
581,691,32938.91,31651.63,18.19,Monthly,2025-03-28,9986.34
582,17,100014.66,68472.73,21.14,Biweekly,2025-02-08,4909.5
583,24,90963.01,82562.59,25.05,Biweekly,2025-02-13,8734.68
584,274,106709.21,94667.79,5.35,Monthly,2025-03-17,7273.36
585,345,61108.61,78348.94,18.1,Monthly,2025-01-31,7241.9
586,523,83947.11,24969.83,26.57,Monthly,2025-03-11,6640.84
587,49,37339.33,45647.85,20.69,Biweekly,2025-03-02,9066.54
588,281,71809.43,37516.92,17.86,Monthly,2025-02-01,2734.19
589,342,115735.32,41906.22,17.94,Biweekly,2025-03-13,4962.91
590,269,73247.04,90608.62,7.15,Biweekly,2025-03-10,4821.43
591,199,115999.87,21862.74,18.64,Biweekly,2025-02-09,2234.82
592,870,111656.25,68205.07,24.31,Monthly,2025-02-13,4204.54
593,516,78634.08,25999.12,8.31,Monthly,2025-02-15,8722.29
594,379,47095.93,68572.8,28.43,Monthly,2025-02-13,2738.53
595,659,105662.69,45370.31,15.99,Monthly,2025-03-23,9972.92
596,160,40644.73,26010.88,5.12,Monthly,2025-02-21,6698.33
597,158,37353.98,47671.6,12.2,Monthly,2025-02-01,7798.15
598,945,61673.01,73316.8,8.72,Monthly,2025-03-06,9251.02
599,659,92250.51,44425.27,17.75,Biweekly,2025-03-08,4457.27
600,563,88196.92,65932.68,24.23,Monthly,2025-02-27,6172.14
601,715,113043.48,51527.49,11.16,Biweekly,2025-02-26,7441.03
602,881,50691.55,47142.67,19.47,Biweekly,2025-03-11,8409.54
603,553,118703.18,52635.63,25.56,Monthly,2025-03-25,7466.77
604,739,43626.29,89574.64,22.99,Biweekly,2025-03-05,9732.71
605,481,89007.64,39742.78,18.54,Monthly,2025-02-23,4020.51
606,672,87118.55,99487.89,22.89,Monthly,2025-01-30,9772.99
607,24,49565.76,92405.83,22.5,Monthly,2025-02-23,6842.92
608,624,34476.26,33181.23,14.04,Biweekly,2025-03-07,9195.32
609,691,84446.58,61460.33,15.85,Biweekly,2025-03-06,3288.72
610,932,30373.18,91991.21,13.86,Monthly,2025-03-02,4938.62
611,81,64927.61,40272.95,25.74,Monthly,2025-03-04,3742.21
612,598,116370.58,34786.21,18.32,Biweekly,2025-03-27,7171.65
613,342,77792.28,57865.97,19.79,Monthly,2025-03-03,2106.86
614,405,55442.56,39641.42,25.17,Biweekly,2025-02-03,3161.63
615,374,69849.03,80308.43,29.1,Monthly,2025-02-11,5297.57
616,548,36856.96,62206.64,14.36,Monthly,2025-03-10,6106.33
617,882,50694.07,44990.4,27.84,Biweekly,2025-02-19,5747.32
618,318,45581.74,59335.75,10.75,Monthly,2025-03-03,9687.33
619,547,83766.68,66746.89,5.15,Monthly,2025-03-12,9237.78
620,923,118392.77,82485.68,10.21,Biweekly,2025-01-30,8368.25
621,471,62091.43,65822.99,24.6,Biweekly,2025-03-19,6281.5
622,795,38906.14,68491.63,28.87,Monthly,2025-03-19,6413.32
623,588,93050.73,26592.48,18.89,Monthly,2025-03-18,4174.09
624,469,30357.3,34938.26,16.06,Monthly,2025-03-23,7496.84
625,490,102816.42,44684.68,29.89,Monthly,2025-03-29,7101.58
626,385,99217.16,66615.33,26.39,Monthly,2025-03-01,5591.65
627,921,104096.46,43951.7,19.98,Monthly,2025-02-20,5737.29
628,714,106672.49,31780.16,20.46,Monthly,2025-02-21,8267.58
629,571,99996.75,30201.17,11.64,Monthly,2025-02-12,7503.79
630,312,88942.28,64843.97,17.85,Monthly,2025-03-18,2492.56
631,477,44985.89,38830.9,29.46,Monthly,2025-03-10,2977.45
632,548,49342.21,40467.62,7.0,Monthly,2025-02-17,9061.4
633,501,45687.62,61256.79,26.03,Monthly,2025-03-26,5704.57
634,432,53522.57,21920.3,8.76,Monthly,2025-03-29,6130.49
635,307,36094.0,20397.37,15.7,Biweekly,2025-02-04,8069.52
636,665,104096.15,45935.1,9.06,Biweekly,2025-02-24,7593.73
637,876,69548.42,99190.4,12.29,Monthly,2025-03-10,4576.54
638,544,103551.76,49011.93,26.16,Biweekly,2025-02-02,7444.24
639,115,98929.22,67927.12,16.26,Biweekly,2025-02-01,8501.26
640,557,44746.81,30495.45,8.98,Biweekly,2025-03-21,9524.69
641,643,103805.03,96575.47,11.06,Biweekly,2025-02-16,6179.65
642,189,80815.34,53293.71,14.5,Monthly,2025-02-22,7515.05
643,909,78442.97,62186.39,12.69,Biweekly,2025-03-09,9042.86
644,241,92096.81,95846.36,9.38,Monthly,2025-03-25,6751.28
645,916,63498.99,44304.83,29.26,Monthly,2025-03-07,8732.13
646,510,91600.21,46793.39,14.83,Biweekly,2025-02-12,7908.29
647,438,101384.92,21828.83,13.19,Monthly,2025-03-12,4837.14
648,933,32211.09,79567.85,26.7,Monthly,2025-03-25,8465.52
649,593,82066.08,57212.76,23.76,Biweekly,2025-01-31,5017.18
650,742,82181.26,94985.16,13.34,Biweekly,2025-02-16,5367.91
651,544,33362.13,40389.99,13.98,Monthly,2025-02-16,8027.77
652,690,56741.49,65303.42,24.4,Monthly,2025-02-13,7413.59
653,965,101129.31,72850.32,10.83,Biweekly,2025-02-05,4596.19
654,202,40845.33,50386.3,16.82,Biweekly,2025-03-25,2790.73
655,172,67079.52,67498.41,6.42,Biweekly,2025-03-14,9724.95
656,644,102941.24,70199.36,7.78,Biweekly,2025-03-07,7019.72
657,139,95773.4,30897.13,24.09,Monthly,2025-03-03,8593.46
658,524,73045.48,45579.74,10.89,Monthly,2025-02-01,2106.78
659,300,74559.57,52473.13,8.89,Monthly,2025-03-09,3207.58
660,254,90367.82,58187.16,28.61,Monthly,2025-02-09,5017.1
661,68,30420.45,83320.02,22.25,Biweekly,2025-03-15,2282.96
662,776,68862.86,63816.37,26.9,Monthly,2025-03-29,4922.79
663,305,95418.07,50903.41,7.95,Monthly,2025-02-02,9714.66
664,498,54310.17,26984.06,15.75,Monthly,2025-03-12,5916.16
665,665,91557.29,22428.81,21.84,Biweekly,2025-03-15,3106.7
666,796,112638.69,37428.65,25.9,Biweekly,2025-02-01,6591.36
667,671,55146.78,59120.66,18.41,Monthly,2025-02-05,8031.12
668,919,99642.67,26487.54,29.34,Monthly,2025-03-04,7334.6
669,301,66647.67,64826.73,16.53,Monthly,2025-02-09,6648.94
670,432,81378.42,41363.4,7.37,Biweekly,2025-02-15,5880.35
671,381,70608.96,93354.34,27.79,Biweekly,2025-02-02,6842.75
672,214,53436.69,95893.01,21.67,Biweekly,2025-02-04,2963.07
673,643,76852.7,51494.86,28.37,Biweekly,2025-02-19,7158.03
674,460,106308.04,67915.91,13.66,Monthly,2025-03-27,2709.5
675,690,33221.22,36721.77,29.19,Biweekly,2025-02-19,5945.77
676,419,71012.46,37910.75,9.83,Monthly,2025-02-23,4803.36
677,881,77148.02,72294.93,24.07,Monthly,2025-03-01,7043.28
678,575,47214.36,94897.64,8.55,Monthly,2025-03-30,2339.16
679,94,60359.93,68049.13,8.17,Biweekly,2025-02-02,9690.12
680,919,61963.53,52760.52,5.23,Monthly,2025-03-15,5177.99
681,7,75606.23,82023.36,29.82,Biweekly,2025-03-13,7178.12
682,858,72275.58,89130.23,28.3,Biweekly,2025-03-29,3323.88
683,746,55477.56,49827.13,15.39,Monthly,2025-03-17,8107.19
684,582,103402.77,44387.58,17.11,Biweekly,2025-02-14,9672.12
685,601,34656.07,87081.48,28.32,Biweekly,2025-02-10,5970.25
686,57,31333.41,80525.02,26.46,Biweekly,2025-03-08,5271.17
687,838,84997.26,34101.45,28.48,Monthly,2025-02-16,8724.3
688,471,47420.78,32108.65,25.42,Monthly,2025-02-06,2077.08
689,53,93416.02,66167.22,12.2,Biweekly,2025-03-24,7978.73
690,856,96545.48,44970.55,29.86,Biweekly,2025-02-17,7294.16
691,734,38981.09,66340.89,25.36,Biweekly,2025-02-22,2983.17
692,719,38882.3,83493.46,17.82,Biweekly,2025-02-21,8796.04
693,293,95970.27,55158.34,27.13,Monthly,2025-03-28,8599.15
694,229,74787.62,27397.04,6.54,Biweekly,2025-02-06,8081.0
695,295,118926.9,95657.23,10.78,Monthly,2025-03-28,4709.5
696,299,103071.39,68954.85,14.71,Biweekly,2025-02-14,5786.38
697,594,76969.42,44563.92,22.0,Monthly,2025-03-27,4753.32
698,280,87915.05,60344.96,21.39,Biweekly,2025-03-07,2846.99
699,905,46011.1,37301.07,5.08,Monthly,2025-03-30,3997.25
700,420,116594.35,53612.07,29.14,Monthly,2025-02-13,3589.13
701,761,99330.92,85455.62,6.17,Monthly,2025-02-09,3139.21
702,257,80799.62,20906.79,14.49,Monthly,2025-01-30,3686.76
703,105,104937.62,98181.54,9.9,Monthly,2025-03-03,4731.1
704,272,36770.77,74896.37,10.89,Biweekly,2025-02-20,6012.47
705,33,110254.28,83433.14,5.49,Biweekly,2025-02-01,2097.59
706,448,33558.15,27074.19,29.26,Biweekly,2025-03-17,4908.46
707,498,42711.83,99067.45,24.49,Biweekly,2025-02-07,2987.9
708,268,34586.83,95165.57,12.62,Biweekly,2025-02-14,5257.91
709,34,92739.4,43410.17,12.7,Biweekly,2025-02-15,7813.98
710,520,91831.82,98267.55,19.74,Biweekly,2025-03-11,8393.08
711,189,102215.49,75553.25,11.59,Monthly,2025-02-03,6393.91
712,123,37002.47,90658.42,22.9,Biweekly,2025-02-04,7435.46
713,340,33633.91,37713.76,29.07,Monthly,2025-03-25,2577.21
714,78,88541.63,45833.74,28.83,Biweekly,2025-02-11,2770.87
715,178,82602.55,99728.84,26.75,Monthly,2025-02-13,7511.82
716,160,36262.38,60204.44,10.19,Monthly,2025-03-20,6646.24
717,740,66088.51,49728.58,28.17,Biweekly,2025-02-21,4815.7
718,595,107319.83,86546.76,24.51,Monthly,2025-03-15,9109.42
719,70,66167.82,22040.98,22.6,Monthly,2025-03-14,7728.49
720,292,68103.07,65277.37,16.9,Monthly,2025-02-26,4642.85
721,312,98844.71,80283.78,23.17,Monthly,2025-02-16,3738.96
722,41,57400.43,51258.45,5.18,Monthly,2025-03-15,6268.33
723,526,79427.23,85614.04,13.26,Monthly,2025-02-04,8290.13
724,689,116209.9,48034.03,29.51,Biweekly,2025-03-01,7116.9
725,218,44840.0,67031.29,16.73,Monthly,2025-02-26,7073.58
726,151,90765.28,42569.4,20.34,Monthly,2025-03-25,4930.51
727,830,77878.56,76976.2,14.42,Monthly,2025-03-02,3815.43
728,996,113012.18,59124.18,5.19,Monthly,2025-03-18,2041.09
729,475,39252.68,45359.05,13.4,Biweekly,2025-03-23,3767.02
730,188,117046.54,85718.26,28.04,Biweekly,2025-03-22,4276.54
731,165,85393.44,35315.75,12.34,Biweekly,2025-03-14,5740.15
732,874,90279.6,57217.69,11.51,Biweekly,2025-02-15,4280.68
733,56,68482.62,30813.8,14.47,Monthly,2025-03-24,6965.81
734,619,90212.28,59097.88,23.53,Biweekly,2025-02-13,5186.8
735,571,37455.56,56309.92,26.79,Biweekly,2025-02-05,5965.79
736,746,41343.74,36419.4,25.53,Biweekly,2025-03-09,7457.06
737,322,73585.05,45413.96,29.13,Monthly,2025-02-17,2210.33
738,713,93529.83,37827.07,12.39,Monthly,2025-02-13,8601.25
739,655,47950.79,99993.33,5.05,Biweekly,2025-02-14,6952.12
740,562,99410.76,92980.9,29.41,Monthly,2025-03-21,2585.65
741,686,112070.25,97086.89,11.84,Monthly,2025-02-01,7554.22
742,399,92968.17,54015.48,29.02,Monthly,2025-02-06,7832.04
743,262,110372.63,26422.61,16.55,Monthly,2025-02-15,8786.71
744,841,72864.76,35746.12,7.04,Biweekly,2025-03-11,8027.08
745,502,118495.53,73841.12,19.84,Biweekly,2025-03-27,5146.16
746,652,105350.88,21920.98,29.46,Monthly,2025-03-24,9212.13
747,346,69825.54,70915.6,19.63,Monthly,2025-02-04,5411.11
748,929,97266.55,64738.47,29.46,Biweekly,2025-02-27,7263.13
749,227,70576.12,91978.89,5.11,Monthly,2025-02-24,9485.91
750,101,57357.22,46088.97,18.51,Biweekly,2025-03-11,9670.11
751,147,40161.33,61487.73,11.23,Biweekly,2025-03-11,3628.62
752,190,41909.12,48157.62,5.32,Biweekly,2025-03-06,9170.37
753,271,88313.69,98825.95,23.03,Biweekly,2025-03-19,3620.46
754,943,111701.26,46168.38,26.09,Biweekly,2025-03-27,7587.97
755,75,101996.27,98732.35,19.99,Biweekly,2025-03-02,4422.63
756,967,30924.18,30032.92,7.4,Monthly,2025-02-12,7355.62
757,295,71526.67,83150.13,11.98,Biweekly,2025-02-25,7390.53
758,348,58004.99,70440.54,5.31,Biweekly,2025-03-18,3371.23
759,904,56034.47,32528.44,10.91,Biweekly,2025-03-10,8079.31
760,575,48902.45,62030.91,24.81,Biweekly,2025-01-31,3850.97
761,210,104621.16,45466.18,29.56,Biweekly,2025-03-26,4389.66
762,894,52504.38,60517.27,11.45,Biweekly,2025-03-11,5786.31
763,655,78991.43,91935.61,10.26,Monthly,2025-01-31,5032.29
764,364,51914.01,96487.24,26.39,Monthly,2025-03-12,6872.32
765,138,61393.06,78000.12,25.86,Monthly,2025-02-24,7450.23
766,357,49352.39,91209.84,24.24,Monthly,2025-03-13,8956.49
767,287,87184.38,46420.39,13.48,Biweekly,2025-02-14,5564.11
768,424,104808.56,51825.08,21.9,Monthly,2025-02-23,8638.23
769,395,64010.78,70297.7,26.62,Monthly,2025-03-04,3224.75
770,78,65893.22,93819.44,19.9,Monthly,2025-02-16,9494.35
771,769,62332.2,57643.3,27.08,Biweekly,2025-03-06,4499.46
772,694,67577.01,70438.66,7.02,Monthly,2025-03-15,4959.57
773,126,47504.79,51644.69,19.33,Monthly,2025-02-20,6329.77
774,896,59170.24,80132.43,11.37,Biweekly,2025-03-14,2888.85
775,583,53045.03,37839.22,25.86,Monthly,2025-03-24,6930.2
776,161,88640.48,99026.95,20.99,Biweekly,2025-03-16,3164.18
777,525,100756.42,42035.93,19.73,Monthly,2025-02-23,5895.06
778,211,73496.52,45336.33,5.74,Monthly,2025-03-16,6593.23
779,521,50298.18,46567.1,20.62,Biweekly,2025-03-19,6563.68
780,747,73331.8,33027.5,23.69,Biweekly,2025-03-24,6878.3
781,818,118773.12,83965.13,24.58,Biweekly,2025-03-23,9637.37
782,105,111563.61,42471.38,28.7,Biweekly,2025-02-24,6749.14
783,713,106880.04,28656.25,10.18,Monthly,2025-01-31,7398.1
784,750,53605.09,78554.67,28.48,Monthly,2025-03-13,9061.37
785,347,42268.67,57366.01,17.83,Biweekly,2025-01-30,4166.14
786,151,49978.27,84591.59,7.11,Monthly,2025-03-29,9995.48
787,648,95377.99,81118.97,6.23,Monthly,2025-02-25,2974.79
788,921,108080.65,65496.13,22.28,Biweekly,2025-03-11,4908.15
789,470,77720.63,66077.62,27.56,Biweekly,2025-03-01,3430.76
790,612,35901.28,30045.86,28.63,Monthly,2025-03-17,7710.05
791,389,69813.39,95267.99,5.34,Biweekly,2025-03-16,9448.25
792,590,69875.44,36260.22,12.88,Biweekly,2025-03-15,4007.15
793,384,43487.94,29185.06,20.93,Biweekly,2025-02-04,4343.31
794,748,90168.9,77012.94,13.53,Monthly,2025-03-13,2930.85
795,169,111223.99,98866.91,20.31,Monthly,2025-02-07,4908.23
796,577,40440.63,78112.52,28.4,Monthly,2025-02-12,3531.52
797,924,116717.61,94750.38,13.47,Monthly,2025-03-30,4583.74
798,822,59798.22,72701.27,10.09,Biweekly,2025-03-20,6957.16
799,187,82123.12,67123.7,25.5,Monthly,2025-03-19,5114.43
800,437,87684.73,29227.33,17.83,Monthly,2025-03-29,2733.2
801,147,118229.3,76285.35,17.87,Biweekly,2025-03-15,3416.46
802,818,92712.58,97006.78,23.45,Biweekly,2025-02-13,5794.49
803,430,115050.96,57298.42,7.04,Biweekly,2025-03-23,7069.94
804,539,65462.11,74208.12,13.48,Monthly,2025-02-28,2946.72
805,854,66134.04,55144.94,29.99,Monthly,2025-02-14,7909.84
806,958,110712.11,82577.74,9.32,Biweekly,2025-03-09,4865.23
807,206,42310.69,80431.78,14.39,Biweekly,2025-03-21,4505.19
808,396,84769.26,54426.03,24.78,Monthly,2025-02-04,6341.36
809,880,46266.14,96577.9,10.45,Monthly,2025-03-29,2676.21
810,60,62671.71,47353.49,9.22,Biweekly,2025-02-12,6661.74
811,772,104066.97,49355.08,12.7,Monthly,2025-03-20,4787.52
812,156,101789.33,23673.0,12.49,Monthly,2025-02-13,7422.23
813,677,109333.52,42417.12,18.26,Monthly,2025-03-09,3447.67
814,85,101058.26,47103.73,7.41,Biweekly,2025-02-05,6415.83
815,454,83224.28,32693.91,24.55,Biweekly,2025-03-07,4564.63
816,446,61113.72,86596.09,18.12,Biweekly,2025-02-23,9751.93
817,756,71156.22,30002.4,25.58,Monthly,2025-02-10,5120.51
818,267,46198.6,56832.1,29.75,Biweekly,2025-03-13,8607.52
819,826,67730.21,22104.94,14.38,Biweekly,2025-02-01,2746.63
820,517,112732.04,81886.12,17.49,Biweekly,2025-01-30,2630.52
821,407,58549.42,74276.25,28.15,Monthly,2025-03-04,8338.34
822,515,53935.81,90481.53,11.25,Monthly,2025-02-18,9674.4
823,882,58569.97,71633.51,27.88,Biweekly,2025-03-18,5152.68
824,336,51891.27,92033.99,27.05,Monthly,2025-02-06,9387.39
825,691,100556.29,49737.16,15.91,Biweekly,2025-03-21,3915.05
826,869,57454.77,20473.41,7.71,Monthly,2025-03-12,9683.16
827,261,80440.17,28772.47,19.5,Biweekly,2025-02-02,7428.87
828,502,100111.04,27703.08,25.29,Biweekly,2025-03-03,9262.12
829,836,101831.1,54931.79,16.7,Monthly,2025-03-08,8779.05
830,758,93049.2,49719.71,7.11,Monthly,2025-03-09,2979.41
831,704,81386.11,36878.48,27.04,Monthly,2025-03-23,3042.05
832,398,99345.63,45978.73,13.02,Monthly,2025-03-21,5513.59
833,981,118613.99,79626.4,6.68,Monthly,2025-01-31,2504.51
834,104,46802.5,74897.28,9.69,Biweekly,2025-02-18,5611.01
835,481,66755.61,78286.07,8.72,Monthly,2025-02-06,4921.14
836,631,37267.81,82074.2,19.33,Monthly,2025-03-09,3128.63
837,541,119842.75,91478.12,27.76,Biweekly,2025-03-07,8619.52
838,732,43219.83,67930.67,14.49,Monthly,2025-02-28,7950.1
839,20,50943.08,99304.43,19.1,Biweekly,2025-03-16,7489.68
840,904,41525.58,29796.97,11.91,Biweekly,2025-03-27,4564.39
841,752,71989.37,82193.56,29.19,Monthly,2025-03-06,7100.13
842,764,119424.05,24152.83,29.8,Monthly,2025-02-05,3141.93
843,762,32022.85,30907.01,27.13,Biweekly,2025-02-13,8766.28
844,4,68798.11,73893.93,8.21,Monthly,2025-03-16,3411.98
845,845,94401.86,60897.11,23.03,Monthly,2025-03-27,5605.39
846,233,36136.97,22099.45,9.92,Monthly,2025-03-21,3622.63
847,869,109945.08,24442.09,12.64,Monthly,2025-02-17,8756.86
848,151,79495.82,39839.46,13.81,Monthly,2025-02-10,6460.36
849,462,107518.04,97700.01,17.43,Biweekly,2025-02-15,9014.85
850,418,69551.6,83166.76,29.29,Monthly,2025-02-24,2771.36
851,363,72469.57,62840.71,21.84,Monthly,2025-02-11,3163.32
852,489,43487.58,91577.37,5.59,Monthly,2025-03-25,2624.76
853,178,60031.11,56588.17,18.56,Biweekly,2025-03-06,4349.25
854,45,111054.99,53797.24,22.42,Monthly,2025-02-22,8625.66
855,549,117751.2,72306.12,10.98,Monthly,2025-03-07,6186.01
856,668,94673.09,66622.87,28.11,Monthly,2025-02-25,3016.28
857,593,62853.99,37109.49,5.57,Monthly,2025-02-07,9827.91
858,588,30879.64,58673.63,8.98,Monthly,2025-03-09,3654.99
859,723,111920.0,89881.5,21.66,Biweekly,2025-01-31,3911.41
860,168,118090.36,48287.14,22.1,Biweekly,2025-02-07,7309.13
861,786,101256.99,24097.4,27.13,Biweekly,2025-03-27,6269.94
862,658,118318.89,95065.1,14.5,Biweekly,2025-03-29,2221.43
863,774,85170.48,76506.09,17.13,Biweekly,2025-02-07,9830.47
864,696,62386.95,56010.73,14.53,Biweekly,2025-03-30,2666.08
865,99,93132.31,99877.44,29.92,Monthly,2025-03-25,9653.93
866,703,68483.73,57365.17,29.21,Monthly,2025-02-24,4475.44
867,67,103939.62,58624.28,16.18,Monthly,2025-03-24,7158.73
868,932,89361.54,69821.48,21.19,Monthly,2025-01-31,2051.32
869,979,53779.6,64689.72,9.63,Monthly,2025-03-21,7157.59
870,619,56312.13,35904.51,20.49,Biweekly,2025-03-13,9893.6
871,41,64304.36,95498.32,14.12,Biweekly,2025-01-30,9654.7
872,105,52401.62,53888.34,15.11,Monthly,2025-02-10,3921.04
873,658,79862.17,52242.74,15.31,Biweekly,2025-03-16,4164.31
874,201,42519.78,87255.53,8.11,Biweekly,2025-01-30,2527.39
875,810,100430.06,80606.07,11.95,Monthly,2025-03-20,8140.8
876,917,110244.49,30119.2,13.42,Monthly,2025-03-09,6016.99
877,136,110371.96,76094.57,18.16,Monthly,2025-03-18,6160.19
878,866,56476.19,71786.62,10.01,Biweekly,2025-02-08,4662.53
879,273,52684.94,51184.66,7.12,Monthly,2025-03-06,7619.22
880,738,112160.37,98736.41,20.47,Monthly,2025-02-15,4168.95
881,965,94798.32,94545.6,6.31,Biweekly,2025-02-02,2731.72
882,39,109018.67,62981.97,17.7,Monthly,2025-03-17,8901.85
883,686,35974.59,55030.87,9.7,Monthly,2025-03-16,7258.12
884,575,63788.89,26807.22,27.62,Biweekly,2025-02-09,5101.11
885,899,61852.89,27601.92,28.65,Monthly,2025-02-04,7712.26
886,999,46100.58,80275.41,5.09,Biweekly,2025-03-16,8317.94
887,829,104970.06,64330.94,22.04,Biweekly,2025-02-26,7593.84
888,801,49349.41,63044.77,13.25,Biweekly,2025-02-04,7929.34
889,381,30740.84,66982.49,7.36,Biweekly,2025-02-26,9123.65
890,189,111994.07,56776.62,24.08,Biweekly,2025-02-20,7659.88
891,623,98601.06,23993.73,29.07,Biweekly,2025-02-20,6444.42
892,632,40722.69,91578.24,13.25,Biweekly,2025-03-12,4263.69
893,210,58152.43,64952.73,12.92,Biweekly,2025-03-24,8435.77
894,437,64476.64,83420.26,8.39,Biweekly,2025-03-27,6278.5
895,953,47476.14,90715.55,21.85,Biweekly,2025-03-07,9506.02
896,216,79532.43,85582.55,25.86,Monthly,2025-03-13,8870.19
897,493,109209.69,86279.38,6.19,Biweekly,2025-03-28,4153.55
898,7,71725.98,68234.87,21.21,Monthly,2025-03-07,8439.47
899,384,36456.09,39811.77,23.22,Biweekly,2025-03-14,6387.87
900,857,118858.05,49750.84,19.08,Biweekly,2025-02-13,7017.61
901,161,59159.99,87383.16,12.24,Biweekly,2025-02-27,3765.69
902,691,33225.51,68159.68,10.4,Monthly,2025-03-11,5365.2
903,574,95448.64,63420.57,6.25,Monthly,2025-02-07,4108.98
904,683,55708.71,58130.66,9.53,Biweekly,2025-02-04,2056.71
905,47,102166.72,39234.58,29.38,Monthly,2025-03-02,9457.83
906,986,32798.46,88835.99,19.75,Biweekly,2025-02-05,5509.1
907,346,37006.8,26741.67,9.05,Biweekly,2025-02-07,3219.95
908,263,42355.37,34272.66,21.7,Biweekly,2025-02-02,5037.61
909,212,54204.94,38983.42,22.96,Biweekly,2025-03-26,5866.85
910,269,42642.36,94962.65,14.79,Monthly,2025-01-30,6175.1
911,874,64739.3,80041.93,18.46,Biweekly,2025-02-03,3626.33
912,884,106698.8,43182.09,14.53,Biweekly,2025-03-16,6651.39
913,762,46998.81,89587.46,11.5,Monthly,2025-02-03,7563.18
914,515,58623.68,64295.41,14.61,Monthly,2025-02-09,6455.4
915,890,68626.41,43903.43,26.75,Biweekly,2025-03-19,2808.19
916,392,92582.53,73491.1,18.62,Monthly,2025-03-24,9471.11
917,562,93288.16,39487.14,13.66,Monthly,2025-03-06,7829.0
918,92,72350.61,34905.26,19.86,Monthly,2025-02-01,3831.21
919,3,89002.72,41772.14,10.85,Biweekly,2025-02-16,6893.22
920,108,48451.53,32529.38,12.55,Biweekly,2025-01-31,9079.28
921,109,88733.58,45402.06,10.58,Monthly,2025-03-07,9770.38
922,39,70133.11,91275.79,27.16,Monthly,2025-02-03,6756.09
923,296,106123.55,30905.82,23.75,Biweekly,2025-02-13,8150.59
924,990,32619.16,53655.08,25.05,Monthly,2025-03-04,2482.95
925,1000,108688.25,77060.14,10.63,Biweekly,2025-02-27,9224.2
926,253,31526.98,71625.48,7.53,Monthly,2025-03-25,6659.78
927,658,86672.18,87257.91,29.11,Monthly,2025-03-16,3089.11
928,420,95228.77,49191.82,16.59,Monthly,2025-02-14,3978.21
929,511,69991.22,64322.99,6.61,Monthly,2025-02-21,4773.4
930,682,65772.43,93442.2,29.77,Monthly,2025-03-30,4573.8
931,312,30592.51,75731.53,22.37,Monthly,2025-02-16,8218.66
932,219,39750.71,86596.23,7.49,Monthly,2025-02-02,5405.7
933,496,117181.36,40553.77,22.53,Monthly,2025-02-06,6336.77
934,757,70213.38,38871.75,11.75,Monthly,2025-01-31,3832.54
935,658,46109.71,68280.83,20.65,Monthly,2025-02-15,4020.33
936,740,115267.09,75358.2,26.11,Monthly,2025-03-16,3680.11
937,110,47287.67,50302.74,21.38,Monthly,2025-03-06,4970.92
938,132,81404.71,77583.87,8.02,Monthly,2025-03-29,8298.63
939,92,53282.51,48270.76,11.37,Biweekly,2025-03-16,6998.96
940,86,65156.58,41579.71,25.86,Monthly,2025-02-25,3523.99
941,799,69554.43,24811.81,18.52,Monthly,2025-03-15,9155.83
942,250,51637.43,98430.02,6.89,Biweekly,2025-03-03,7474.68
943,649,33001.62,78981.88,25.14,Monthly,2025-02-21,9794.17
944,83,92966.32,46736.51,5.93,Biweekly,2025-03-29,5997.38
945,932,73898.65,80104.03,19.64,Biweekly,2025-03-11,8388.77
946,188,101723.97,77258.87,24.29,Monthly,2025-03-02,8806.79
947,806,104716.3,30596.47,21.11,Biweekly,2025-03-28,4881.75
948,681,56529.88,97913.52,29.53,Monthly,2025-03-14,4486.64
949,43,36712.88,89961.92,19.1,Monthly,2025-03-01,7867.55
950,88,116928.53,56119.78,17.47,Monthly,2025-02-23,3499.37
951,15,113620.07,89761.43,11.95,Biweekly,2025-02-15,3534.85
952,521,59305.55,85459.19,19.42,Biweekly,2025-03-04,7959.54
953,187,75813.64,99085.81,29.67,Monthly,2025-02-13,9390.56
954,531,95458.72,49932.6,16.14,Biweekly,2025-03-08,6807.26
955,703,110099.58,63972.93,14.62,Monthly,2025-03-30,9288.01
956,43,56638.53,22373.63,21.87,Biweekly,2025-02-24,6159.79
957,628,40599.2,31260.73,12.15,Monthly,2025-02-15,7706.19
958,136,69526.06,25052.16,6.29,Biweekly,2025-02-04,3577.2
959,431,77255.63,55491.8,23.15,Biweekly,2025-02-26,5146.74
960,153,33637.23,89932.97,28.35,Monthly,2025-02-07,2436.58
961,40,108469.23,86962.05,16.04,Biweekly,2025-03-10,7685.4
962,77,61140.59,61859.94,14.81,Biweekly,2025-02-26,6445.82
963,313,42748.2,89120.69,7.99,Monthly,2025-02-09,2802.1
964,646,46751.03,85220.68,8.98,Monthly,2025-03-04,7004.0
965,969,105427.68,53455.97,23.78,Biweekly,2025-02-19,9605.77
966,689,32526.42,95398.33,29.67,Biweekly,2025-03-13,6490.8
967,492,43595.48,50586.93,8.16,Biweekly,2025-02-27,9590.9
968,663,93664.2,82556.43,29.45,Biweekly,2025-02-02,5078.02
969,392,44082.92,88417.84,24.38,Monthly,2025-03-06,7620.35
970,372,77498.24,73162.63,26.82,Monthly,2025-02-08,4237.9
971,857,54641.29,60241.82,26.08,Monthly,2025-02-17,3184.35
972,127,46382.87,35522.68,21.05,Monthly,2025-02-22,9650.8
973,464,35265.57,34057.96,23.76,Monthly,2025-03-15,4438.58
974,885,60715.13,67422.25,29.63,Monthly,2025-03-30,2671.46
975,165,62418.7,28304.7,17.06,Biweekly,2025-02-21,2822.08
976,516,64180.97,25843.05,25.11,Biweekly,2025-03-14,4556.59
977,239,100376.28,85109.79,18.38,Biweekly,2025-03-12,4985.79
978,955,104449.5,73559.28,21.06,Biweekly,2025-03-09,8291.1
979,565,62482.84,68281.64,23.76,Biweekly,2025-03-26,2237.44
980,580,77633.02,93200.05,9.92,Monthly,2025-03-30,9559.07
981,70,32379.92,39582.06,21.58,Monthly,2025-03-14,2997.71
982,396,74411.28,37454.07,5.82,Monthly,2025-03-07,8620.7
983,74,117167.72,98157.83,12.98,Monthly,2025-03-22,2057.73
984,937,109849.22,69682.36,9.24,Biweekly,2025-02-10,7765.73
985,605,36504.09,73790.76,19.04,Biweekly,2025-03-07,9804.0
986,354,66896.39,58257.44,17.42,Biweekly,2025-01-30,6234.26
987,143,83547.23,32177.61,6.8,Monthly,2025-03-22,6740.42
988,463,64384.46,43159.95,5.56,Biweekly,2025-03-02,8793.1
989,830,86742.32,67425.09,7.44,Biweekly,2025-03-04,3131.79
990,146,55524.85,42942.08,18.35,Monthly,2025-03-19,3919.46
991,787,103484.33,74707.19,5.62,Biweekly,2025-02-07,5900.22
992,584,42064.74,59141.62,14.24,Biweekly,2025-03-15,6040.07
993,684,73140.61,24941.28,22.33,Biweekly,2025-02-28,5726.87
994,70,118546.58,97861.43,7.21,Biweekly,2025-03-29,5926.07
995,162,110194.71,83973.09,11.05,Monthly,2025-02-03,7699.01
996,402,108896.09,62581.97,20.67,Monthly,2025-03-06,8281.28
997,951,30055.79,62350.82,25.45,Biweekly,2025-03-21,2457.86
998,192,101821.79,51747.58,19.64,Biweekly,2025-02-27,3289.93
999,695,37166.54,26030.0,18.02,Biweekly,2025-03-30,6967.57
1000,41,117965.46,49699.97,8.12,Monthly,2025-03-08,2112.27
